Day/Date,5AM-6AM,6AM-7AM,7AM-8AM,8AM-9AM,9AM-10AM,10AM-11AM,11AM-12PM,12PM-1PM,1PM-2PM,2PM-3PM,3PM-4PM,4PM-5PM,5PM-6PM,6PM-7PM,7PM-8PM,8PM-9PM,9PM-10PM,10PM-11PM,11PM-12AM,12AM-1AM,Total
2018-01-07,0,0,0,0,0,0,0,328,171,189,154,208,194,132,101,94,60,37,10,1,1679
2018-01-08,87,104,140,162,141,169,175,144,205,229,296,373,410,369,224,221,152,111,38,7,3757
2018-01-09,78,89,151,149,205,209,274,192,233,229,378,316,325,253,195,236,172,92,40,7,3823
2018-01-10,60,107,178,161,126,198,299,170,146,226,271,343,332,338,235,217,181,127,54,0,3769
2018-01-11,59,79,137,142,111,152,197,132,165,247,341,293,313,293,249,228,160,132,61,7,3498
2018-01-12,43,89,79,103,151,149,290,223,233,174,330,271,291,172,112,127,100,58,32,7,3034
2018-01-13,8,5,42,71,143,233,228,204,196,167,232,214,251,140,82,70,76,49,35,6,2452
2018-01-14,3,6,24,61,93,159,145,162,167,229,170,223,236,120,133,118,120,94,71,7,2341
2018-01-15,16,31,82,83,142,183,190,191,167,194,201,252,343,300,218,203,161,145,60,10,3172
2018-01-16,45,118,128,131,173,159,288,159,177,214,344,324,408,361,220,319,227,158,58,16,4027
2018-01-17,50,126,133,126,93,135,261,114,133,163,242,344,375,380,300,301,179,167,77,14,3713
2018-01-18,45,120,141,153,92,150,204,108,160,239,286,336,412,330,285,253,208,146,73,7,3748
2018-01-19,43,101,104,92,160,129,258,182,177,217,312,304,342,240,153,132,137,108,58,3,3252
2018-01-20,13,12,37,74,125,183,184,182,144,172,154,254,192,169,102,110,97,79,47,9,2339
2018-01-21,9,10,23,61,93,136,120,120,133,100,110,188,174,170,142,159,102,103,53,6,2012
2018-01-22,58,131,175,134,110,135,218,127,176,218,248,378,442,403,277,307,292,195,84,19,4127
2018-01-23,56,116,107,118,144,183,246,155,144,146,295,288,403,321,268,354,241,137,74,20,3816
2018-01-24,59,153,142,129,101,160,238,139,176,204,232,339,342,307,301,246,273,137,77,16,3771
2018-01-25,55,113,158,131,96,133,201,99,169,212,261,318,371,314,242,243,197,145,75,20,3553
2018-01-26,44,121,72,105,137,144,252,226,150,302,189,247,252,244,87,152,98,98,45,14,2979
2018-01-27,6,15,39,52,136,167,157,144,126,137,187,196,197,126,94,98,105,54,61,27,2124
2018-01-28,7,5,27,68,82,136,103,132,147,129,140,205,230,132,147,112,112,92,55,15,2076
2018-01-29,50,142,157,129,129,140,205,135,148,181,212,376,384,346,325,310,216,185,102,14,3886
2018-01-30,50,119,116,118,135,137,234,132,158,155,300,283,392,317,254,316,214,148,82,12,3672
2018-01-31,55,144,162,99,119,139,215,107,135,156,258,295,348,276,267,287,194,118,82,8,3464
2018-02-01,44,130,147,96,109,127,183,99,148,188,270,282,358,347,259,208,214,184,92,19,3504
2018-02-02,18,,78,98,143,118,245,167,199,160,285,272,326,244,120,129,120,77,58,9,2866
2018-02-03,5,12,64,46,141,167,202,153,133,160,183,223,219,154,104,91,94,57,67,12,2287
2018-02-04,4,9,18,78,79,155,113,150,126,106,141,163,100,68,58,59,48,50,44,7,1576
2018-02-05,43,100,119,90,95,103,192,95,152,117,167,127,293,306,271,256,216,144,117,18,3021
2018-02-06,61,133,110,120,165,148,246,142,131,149,251,298,377,323,252,286,236,143,76,21,3668
2018-02-07,59,157,126,83,106,140,218,110,123,151,187,271,297,228,258,188,205,138,70,21,3136
2018-02-08,51,103,141,118,92,124,183,114,133,192,237,300,381,299,214,244,201,164,85,22,3398
2018-02-09,57,81,81,88,137,120,237,186,151,192,280,251,278,236,151,117,99,98,67,17,2924
2018-02-10,5,9,24,64,131,163,175,196,148,145,141,206,175,118,111,90,97,61,54,17,2130
2018-02-11,10,11,26,64,81,143,110,140,106,141,123,187,195,147,132,126,117,108,50,9,2026
2018-02-12,51,166,137,115,103,138,203,125,139,173,254,287,327,337,231,219,196,168,88,17,3474
2018-02-13,43,115,102,102,165,143,221,146,136,162,253,296,328,291,235,249,197,126,71,14,3395
2018-02-14,58,167,127,104,83,127,245,118,149,118,167,256,292,237,208,163,168,123,94,8,3012
2018-02-15,51,102,124,90,74,104,130,116,137,185,183,226,328,241,195,195,232,148,75,15,2951
2018-02-16,23,98,69,83,141,111,245,166,160,154,251,238,258,200,143,95,133,80,71,12,2731
2018-02-17,11,11,31,105,141,150,161,135,138,167,164,204,169,129,144,98,75,110,58,6,2207
2018-02-18,7,9,23,40,67,114,93,116,136,182,142,153,175,134,133,85,77,60,55,7,1808
2018-02-19,16,44,44,89,142,156,149,150,150,157,169,227,264,299,185,206,151,66,1,3,2668
2018-02-20,48,130,99,123,162,128,260,145,171,154,237,326,444,407,243,283,198,134,90,11,3793
2018-02-21,51,140,121,116,114,145,190,121,117,155,144,246,303,302,276,234,237,153,99,17,3281
2018-02-22,45,131,121,99,94,120,150,106,130,171,213,240,304,289,217,250,227,155,88,12,3162
2018-02-23,62,95,85,79,159,107,222,174,171,132,262,267,349,180,144,160,90,90,71,14,2913
2018-02-24,14,19,47,41,116,172,183,158,154,135,143,174,171,126,105,96,119,98,64,8,2143
2018-02-25,9,7,27,60,92,123,91,146,106,123,120,178,186,170,121,114,113,116,78,14,1994
2018-02-26,64,114,131,110,107,138,186,126,140,153,181,316,359,345,256,217,196,191,106,21,3457
2018-02-27,53,114,101,100,130,117,218,127,124,149,283,238,345,267,219,300,188,174,77,13,3337
2018-02-28,26,147,97,81,88,123,167,112,107,123,171,265,308,266,242,186,159,126,95,15,2904
2018-03-01,45,106,117,88,100,101,126,120,141,162,177,208,266,233,194,194,159,129,61,12,2739
2018-03-02,40,54,52,41,95,64,106,97,85,88,145,137,195,136,126,85,31,0,0,0,1577
2018-03-03,0,0,0,72,96,124,150,149,139,165,185,207,79,0,0,0,0,0,0,0,1366
2018-03-04,0,0,0,0,0,0,0,272,120,138,122,159,132,130,133,69,38,0,0,0,1313
2018-03-05,42,63,38,36,45,57,86,87,85,76,105,132,315,262,,67,31,0,0,0,1527
2018-03-06,39,68,34,42,46,62,97,92,62,76,95,147,222,265,187,141,36,0,0,0,1711
2018-03-07,35,48,42,35,54,58,60,99,75,79,88,127,166,177,98,84,19,0,0,0,1344
2018-03-08,19,28,15,22,28,52,65,75,45,67,91,160,230,204,192,156,29,0,0,0,1478
2018-03-09,37,39,38,31,46,63,79,84,76,96,113,132,173,195,135,123,21,0,0,0,1481
2018-03-10,0,0,0,50,82,113,94,127,118,102,138,167,70,0,0,0,0,0,0,0,1061
2018-03-11,0,0,0,0,0,0,0,248,133,149,129,169,162,135,141,140,97,62,43,4,1612
2018-03-12,54,116,137,108,78,122,169,127,140,138,215,302,381,336,281,260,244,160,92,21,3481
2018-03-13,0,0,0,0,0,202,119,114,119,95,112,159,184,158,175,133,45,0,0,0,1615
2018-03-14,0,0,0,244,122,119,176,117,121,171,172,297,366,333,265,230,211,202,77,24,3247
2018-03-15,62,102,138,101,80,105,154,87,128,175,244,255,360,280,248,261,181,169,86,14,3230
2018-03-16,72,104,81,85,130,117,215,133,133,160,263,245,256,207,163,140,77,75,56,7,2719
2018-03-17,11,9,32,87,110,165,156,117,107,170,140,158,113,121,106,105,64,78,36,10,1895
2018-03-18,6,2,21,61,87,106,113,84,139,108,131,175,142,161,155,124,122,78,57,8,1880
2018-03-19,45,137,127,112,97,137,180,114,122,151,231,318,342,327,290,261,288,142,91,15,3527
2018-03-20,62,95,94,103,145,136,198,126,140,128,254,254,349,315,205,281,197,124,98,19,3323
2018-03-21,53,112,107,73,96,143,197,106,128,190,203,244,326,254,243,254,174,160,79,11,3153
2018-03-22,65,73,94,73,64,91,133,91,144,192,232,272,387,244,219,248,185,195,64,13,3079
2018-03-23,52,84,81,72,166,123,281,167,144,158,245,208,255,200,119,134,125,106,49,11,2780
2018-03-24,9,10,26,51,108,149,131,140,147,134,141,201,156,112,125,119,85,69,38,12,1963
2018-03-25,7,3,21,53,72,112,84,125,114,125,134,188,182,145,136,171,123,114,66,13,1988
2018-03-26,46,113,135,84,80,117,167,118,144,148,229,329,347,285,265,242,251,167,89,17,3373
2018-03-27,49,95,104,124,160,128,216,124,150,142,257,257,318,277,241,279,254,214,121,25,3535
2018-03-28,44,108,93,80,121,118,210,100,120,149,168,286,279,261,212,215,175,143,87,14,2983
2018-03-29,50,87,114,91,91,111,156,99,127,188,215,242,317,236,204,206,167,156,61,10,2928
2018-03-30,39,72,68,86,128,99,193,157,143,140,208,210,239,159,99,107,110,75,53,18,2403
2019-03-31,10,8,46,58,93,146,158,104,106,109,134,124,127,99,85,86,84,65,49,10,1691
2018-04-01,3,9,17,33,63,77,70,65,69,80,110,143,148,130,112,136,115,104,46,11,1541
2018-04-02,77,114,98,99,72,109,153,100,131,151,163,302,348,302,254,251,177,163,92,16,3172
2018-04-03,50,97,109,105,133,142,225,140,152,133,228,240,318,248,210,241,205,148,88,24,3236
2018-04-04,57,110,101,85,91,111,224,125,119,163,196,250,296,257,274,227,182,166,90,11,3135
2018-04-05,48,104,112,89,82,113,152,82,138,165,232,169,345,285,194,230,170,133,85,5,2933
2018-04-06,44,63,73,82,142,103,190,152,127,152,244,192,257,181,123,141,111,88,51,20,2536
2018-04-07,6,11,33,66,108,158,162,121,105,152,135,129,101,80,85,97,84,92,34,10,1769
2018-04-08,3,7,24,54,64,93,114,103,85,125,112,192,105,128,137,116,110,92,61,9,1734
2018-04-09,43,113,114,99,77,125,178,118,140,156,193,288,320,306,252,219,215,168,89,31,3244
2018-04-10,56,93,97,114,132,117,183,137,129,145,209,240,285,217,188,280,193,141,69,15,3040
2018-04-11,56,104,104,88,86,121,204,140,115,138,209,237,258,218,236,194,183,137,83,24,2935
2018-04-12,35,99,128,85,97,111,159,89,131,220,184,200,290,179,202,200,179,144,77,14,2823
2018-04-13,21,57,75,83,108,106,174,149,117,129,210,197,244,173,109,133,92,84,33,13,2307
2018-04-14,5,19,24,57,101,140,161,138,104,142,142,161,152,109,83,82,103,74,55,9,1861
2018-04-15,7,7,26,46,69,124,126,119,129,116,139,148,138,166,97,88,91,52,53,8,1749
2018-04-16,21,33,50,60,90,106,130,105,94,119,96,160,224,222,149,156,154,134,75,22,2200
2018-04-17,50,74,85,94,121,131,198,111,129,152,205,264,307,248,205,255,152,148,73,13,3015
2018-04-18,48,111,93,72,89,99,192,123,110,179,187,233,261,241,209,172,168,140,75,8,2810
2018-04-19,36,70,73,58,94,146,148,140,141,167,150,213,298,262,166,203,137,162,70,15,2749
2018-04-20,42,51,61,79,124,138,135,168,102,162,156,190,209,224,110,120,91,86,47,19,2314
2018-04-21,14,10,39,50,91,146,139,106,102,154,126,147,128,103,88,107,86,80,47,19,1782
2018-04-22,4,12,20,59,75,94,100,97,103,101,106,93,97,126,113,98,78,79,40,9,1504
2018-04-23,37,73,85,94,98,102,126,106,121,145,180,203,257,227,168,139,138,88,57,8,2452
2018-04-24,42,78,69,77,103,114,146,140,100,124,133,186,238,219,191,150,114,115,59,17,2415
2018-04-25,38,71,71,80,68,120,123,120,125,113,137,155,224,185,151,143,119,112,55,10,2220
2018-04-26,35,61,82,77,96,105,114,117,120,129,132,172,178,188,152,114,83,53,43,13,2064
2018-04-27,33,53,60,45,66,62,99,110,102,100,105,141,158,151,86,101,54,,,,1526
2018-04-28,,,,64,67,84,104,93,87,96,96,102,40,,,,,,,,833
2018-04-29,,,,,,124,81,101,73,132,115,156,23,,,,,,,,805
2018-04-30,36,59,56,58,75,88,94,85,104,122,121,163,239,228,149,127,38,,,,1842
2018-05-01,40,52,67,59,64,96,98,110,88,85,111,137,218,190,182,155,50,,,,1802
2018-05-02,36,58,64,54,66,80,73,71,44,98,85,115,170,129,125,148,35,,,,1451
2018-05-03,27,53,40,55,63,65,73,84,65,76,77,119,200,172,148,122,24,,,,1463
2018-05-04,,,,,,,,150,82,95,119,174,137,99,87,23,,,,,966
2018-05-05,,,,58,58,93,64,92,73,90,89,110,42,,,,,,,,769
2018-05-06,,,,,,,,201,120,127,119,116,94,94,87,73,57,17,4,,1109
2018-05-07,46,59,64,84,103,94,156,115,117,113,166,199,312,211,130,129,141,58,4,,2301
2018-05-08,36,81,74,62,93,86,133,132,109,91,169,175,282,194,143,171,103,44,7,,2185
2018-05-09,39,70,73,50,99,61,144,98,99,93,156,166,292,210,180,127,114,42,14,,2127
2018-05-10,36,56,74,58,62,86,112,90,97,76,187,166,247,204,121,116,87,57,16,,1948
2018-05-11,29,49,39,45,66,73,114,88,70,103,118,126,213,126,112,86,67,37,9,,1570
2018-05-12,,,,65,62,109,119,84,82,103,89,128,38,,,,,,,,879
2018-05-13,,,,,,,,225,100,77,97,109,119,94,106,100,53,57,8,,1145
2018-05-14,36,66,56,62,63,66,122,103,102,105,179,184,293,224,201,120,108,59,14,,2163
2018-05-15,41,72,73,48,94,85,153,130,96,78,168,188,251,162,93,92,92,50,14,,1980
2018-05-16,46,65,71,52,76,64,151,100,105,68,163,160,312,234,215,147,93,65,8,,2195
2018-05-17,30,73,79,55,73,82,112,88,77,74,149,168,232,219,146,128,108,51,9,,1953
2018-05-18,24,45,49,60,67,70,122,90,79,85,96,139,199,144,89,63,73,43,12,,1549
2018-05-19,,,,60,83,96,106,103,77,90,110,106,46,,,,,,,,877
2018-05-20,,,,,,,,239,117,93,115,151,149,104,71,68,64,45,11,,1227
2018-05-21,36,74,57,54,86,69,121,93,94,68,159,187,331,232,193,143,124,74,16,,2211
2018-05-22,38,70,75,64,71,66,140,89,86,110,144,198,311,268,220,191,117,63,13,,2334
2018-05-23,50,58,64,58,68,69,149,99,85,102,118,176,291,216,228,206,84,48,6,,2175
2018-05-24,34,61,58,60,56,74,118,82,81,83,148,155,222,189,136,142,75,50,6,,1830
2018-05-25,21,38,49,55,60,63,84,70,60,94,105,124,127,129,84,84,24,,,,1271
2018-05-26,,,,,,,,,,,,,,,,,,,,,0
2018-05-27,,,,,,,,,,,,,,,,,,,,,0
2018-05-28,,,,,,,,,,,,,,,,,,,,,0
2018-05-29,45,69,67,68,70,83,172,100,85,77,175,199,356,294,268,211,154,112,12,,2617
2018-05-30,44,70,63,62,78,76,116,88,82,92,142,192,316,254,268,176,128,71,11,,2329
2018-05-31,44,72,73,57,73,72,123,114,75,79,146,188,286,217,179,152,112,46,21,,2129
2018-06-01,39,50,40,56,75,68,123,88,81,102,111,168,224,189,109,95,84,43,19,,1764
2018-06-02,,,,71,99,97,123,109,94,97,114,143,47,,,,,,,,994
2018-06-03,,,,,,,,198,97,91,115,101,137,105,87,64,51,47,5,,1098
2018-06-04,45,86,47,53,51,52,111,92,72,69,119,168,302,265,209,195,138,71,10,,2155
2018-06-05,45,91,69,47,55,63,128,130,67,90,151,180,281,284,228,205,122,52,7,,2295
2018-06-06,62,71,56,57,69,68,106,83,73,100,130,198,275,234,192,134,100,57,11,,2076
2018-06-07,39,72,66,59,67,74,139,81,88,75,165,154,197,221,193,186,105,59,3,,2043
2018-06-08,40,49,56,54,74,50,89,75,83,80,93,140,189,125,106,72,66,46,14,,1501
2018-06-09,,,,88,73,111,120,76,86,89,101,112,48,,,,,,,,904
2018-06-10,,,,,,,,178,76,92,123,124,129,106,84,68,77,58,10,,1125
2018-06-11,56,58,60,56,65,64,108,83,75,81,151,172,346,263,220,158,155,80,12,,2263
2018-06-12,54,69,70,54,59,88,127,91,71,72,143,166,306,284,230,203,161,51,8,,2307
2018-06-13,48,66,76,53,61,68,105,87,66,77,118,142,299,234,178,155,112,55,19,,2019
2018-06-14,37,62,76,59,79,63,99,65,82,76,95,146,230,198,201,154,138,77,10,,1947
2018-06-15,23,42,54,49,45,65,84,93,64,86,93,182,181,162,116,76,69,53,8,,1545
2018-06-16,,,,71,74,88,133,101,52,75,92,104,58,,,,,,,,848
2018-06-17,,,,,,,,155,89,68,63,96,97,86,82,83,68,47,15,,949
2018-06-18,51,70,54,62,56,52,101,78,85,67,138,150,279,244,207,128,101,83,17,,2023
2018-06-19,49,85,69,57,75,89,107,88,81,67,132,130,262,232,241,169,146,96,17,,2192
2018-06-20,64,73,66,63,56,73,111,69,78,75,110,167,254,226,214,152,115,57,12,,2035
2018-06-21,45,72,63,42,66,77,99,83,51,81,125,147,202,176,138,127,97,44,11,,1746
2018-06-22,41,47,54,46,51,69,85,70,64,69,66,138,178,151,100,63,81,41,7,,1421
2018-06-23,,,,56,58,74,100,83,95,79,106,140,55,,,,,,,,846
2018-06-24,,,,,,,,189,86,77,101,103,104,103,79,55,64,32,2,,995
2018-06-25,40,85,47,34,48,58,87,86,73,73,94,146,196,231,141,136,82,70,10,,1737
2018-06-26,42,86,55,42,66,51,76,80,70,69,101,142,212,190,135,109,79,54,6,,1665
2018-06-27,44,75,44,43,41,59,64,63,67,68,60,125,182,145,110,116,79,56,9,,1450
2018-06-28,49,53,44,37,31,23,51,49,49,60,57,108,165,140,100,101,78,45,11,,1251
2018-06-29,35,47,50,34,30,53,54,61,53,74,76,113,106,132,74,49,58,37,4,,1140
2018-06-30,,,,48,47,42,64,68,69,64,72,126,31,,,,,,,,631
2018-07-01,,,,,,,,97,64,50,61,70,104,92,64,58,41,31,3,,735
2018-07-02,37,48,51,44,63,57,89,82,74,84,107,111,155,152,163,110,103,59,15,,1604
2018-07-03,36,58,52,53,78,93,102,104,69,66,131,84,196,155,132,103,32,,,,1544
2018-07-04,,,,,,,,,,,,,,,,,,,,,0
2018-07-05,28,36,50,35,81,53,97,72,62,61,127,135,183,186,143,131,93,68,5,,1646
2018-07-06,33,38,40,50,57,63,68,71,48,54,75,136,139,122,101,90,53,52,11,,1301
2018-07-07,,,,56,87,86,76,75,62,71,62,94,41,,,,,,,,710
2018-07-08,,,,,,,,152,92,85,94,103,119,89,86,73,55,30,9,,987
2018-07-09,45,73,72,43,71,65,86,69,79,60,110,154,224,252,198,163,95,60,10,,1929
2018-07-10,56,80,76,42,69,60,95,74,56,46,82,168,249,256,212,138,101,41,6,,1907
2018-07-11,64,84,52,52,49,55,108,66,68,52,73,137,269,190,188,138,90,66,9,,1810
2018-07-12,57,88,62,43,63,65,91,90,55,55,101,76,151,183,166,146,78,58,7,,1635
2018-07-13,38,64,35,39,50,38,71,76,51,61,78,129,171,133,113,89,73,39,8,,1356
2018-07-14,,,,59,63,84,76,94,90,97,79,111,46,,,,,,,,799
2018-07-15,,,,,,,,129,82,85,108,98,100,93,74,55,59,32,10,,925
2018-07-16,54,83,56,41,47,61,113,67,55,52,96,153,253,254,251,161,130,75,13,,2015
2018-07-17,51,91,59,53,75,57,115,76,57,51,81,97,196,152,151,121,102,49,8,,1642
2018-07-18,50,79,64,42,54,55,114,75,74,61,78,158,257,231,171,130,114,67,13,,1887
2018-07-19,43,86,53,45,68,55,96,52,60,69,80,117,208,185,150,151,93,64,10,,1685
2018-07-20,38,52,41,43,43,57,76,62,51,55,83,135,166,135,101,88,63,66,7,,1362
2018-07-21,,,,66,71,103,84,70,63,62,85,101,42,,,,,,,,747
2018-07-22,,,,,,,,163,77,96,82,92,110,101,66,68,62,40,4,,961
2018-07-23,44,78,63,41,43,57,124,63,75,76,99,156,274,280,232,172,132,62,18,,2089
2018-07-24,40,97,70,45,41,53,100,87,77,85,81,159,267,230,196,147,138,51,9,,1973
2018-07-25,43,94,70,55,42,65,110,68,59,61,102,164,225,203,172,112,79,58,11,,1793
2018-07-26,42,85,49,37,54,62,87,87,56,43,84,94,180,205,154,142,89,77,9,,1636
2018-07-27,31,56,40,34,32,47,86,62,64,69,70,126,157,164,85,77,60,28,6,,1294
2018-07-28,,,,55,86,87,102,74,86,74,105,114,34,,,,,,,,817
2018-07-29,,,,,,,,149,77,79,59,85,103,105,69,71,54,33,7,,891
2018-07-30,51,75,60,44,51,56,86,77,63,52,95,125,221,246,209,133,99,65,5,,1813
2018-07-31,40,106,61,66,69,59,99,77,64,56,98,130,287,207,200,141,99,44,8,,1911
2018-08-01,44,78,60,36,47,60,87,67,56,57,91,148,242,205,166,133,109,64,6,,1756
2018-08-02,43,93,73,53,47,66,72,80,64,50,98,131,217,192,137,112,91,37,10,,1666
2018-08-03,41,52,54,28,40,51,79,52,56,62,87,127,160,140,92,74,53,21,5,,1274
2018-08-04,,,,69,81,85,68,60,77,91,100,128,57,,,,,,,,816
2018-08-05,,,,,,,,116,76,65,73,73,93,88,67,79,59,37,6,,832
2018-08-06,42,70,61,40,44,49,77,62,66,57,103,155,271,263,186,143,130,66,6,,1891
2018-08-07,41,81,60,45,47,57,84,68,68,53,101,138,223,226,181,162,101,48,7,,1791
2018-08-08,40,79,63,48,64,57,89,65,68,55,73,125,248,180,134,103,73,35,8,,1607
2018-08-09,34,73,51,56,56,55,81,62,61,55,85,111,192,173,140,118,88,44,11,,1546
2018-08-10,32,55,34,40,41,66,77,55,58,48,73,116,149,127,86,80,55,39,5,,1236
2018-08-11,,,,61,64,77,77,51,99,61,81,117,31,,,,,,,,719
2018-08-12,,,,,,,,142,82,66,72,84,77,73,50,57,48,25,1,,777
2018-08-13,36,62,56,45,32,35,68,62,49,46,78,132,215,239,149,127,91,52,5,,1579
2018-08-14,32,84,67,38,41,61,73,71,53,66,88,154,214,196,117,132,73,45,8,,1613
2018-08-15,35,61,62,43,45,43,78,43,60,56,83,116,205,163,106,106,85,50,9,,1449
2018-08-16,30,69,52,44,41,42,68,60,59,50,104,101,166,125,121,102,54,35,10,,1333
2018-08-17,19,49,32,34,33,42,57,51,57,55,75,102,132,78,67,55,40,30,4,,1012
2018-08-18,,,,37,59,61,71,59,62,74,89,93,23,,,,,,,,628
2018-08-19,,,,,,,,103,66,64,66,51,58,80,38,66,35,30,1,,658
2018-08-20,25,44,57,30,43,40,47,48,46,55,53,87,179,171,89,105,34,,,,1153
2018-08-21,28,58,50,41,38,35,54,62,49,47,52,100,172,152,115,96,34,,,,1183
2018-08-22,34,45,42,30,34,44,49,49,50,53,54,86,177,169,101,101,22,,,,1140
2018-08-23,27,43,44,35,24,28,40,47,53,47,52,96,145,153,115,114,17,,,,1080
2018-08-24,,,,,,,,,110,63,81,72,117,93,72,55,12,,,,675
2018-08-25,,,,49,31,57,75,48,56,69,83,83,33,,,,,,,,584
2018-08-26,,,,,,,,98,48,58,57,51,59,55,58,46,28,10,2,,570
2018-08-27,35,60,47,39,37,38,51,67,52,74,74,127,194,166,159,88,60,20,3,,1391
2018-08-28,29,65,58,32,36,31,48,62,71,54,76,115,208,152,144,111,73,27,3,,1395
2018-08-29,36,61,65,43,50,42,46,66,45,60,68,163,195,154,127,97,138,34,8,,1498
2018-08-30,28,51,68,52,58,65,57,71,61,69,115,131,179,128,88,63,38,34,9,,1365
2018-08-31,21,45,64,63,74,94,94,61,47,115,117,121,114,68,95,82,58,38,9,,1380
2018-09-01,7,11,55,115,83,97,105,91,81,97,114,115,96,53,48,37,45,26,16,2,1294
2018-09-02,8,10,26,68,96,118,93,93,111,112,154,124,126,90,112,93,70,48,24,0,1576
2018-09-03,7,33,47,143,190,226,195,147,161,152,185,190,209,149,113,149,99,58,16,3,2472
2018-09-04,33,81,111,122,126,132,138,132,162,220,296,286,332,229,260,208,148,76,14,3,3109
2018-09-05,70,179,187,172,168,203,232,158,132,178,227,327,389,357,258,197,208,109,24,3,3778
2018-09-06,57,131,159,150,165,161,188,141,187,260,262,321,281,314,256,251,166,102,19,3,3574
2018-09-07,47,87,129,162,190,180,245,162,151,177,278,240,298,172,143,132,93,73,31,4,2994
2018-09-08,7,16,32,53,136,182,196,167,143,145,168,209,143,120,90,68,88,45,26,2,2036
2018-09-09,4,9,30,43,99,141,145,116,97,116,122,178,171,151,113,131,135,78,35,6,1920
2018-09-10,56,146,172,144,125,155,194,129,134,153,224,343,382,317,225,206,191,103,32,5,3436
2018-09-11,41,112,142,149,179,184,251,157,139,148,291,315,352,258,238,222,223,98,26,4,3529
2018-09-12,63,119,162,127,132,172,201,143,139,139,175,283,275,290,242,240,193,102,36,3,3236
2018-09-13,37,116,132,132,114,121,137,122,167,204,215,252,313,292,233,213,209,144,61,3,3217
2018-09-14,44,89,111,101,138,131,225,151,148,153,250,227,281,214,141,142,103,63,20,12,2744
2018-09-15,7,10,46,69,100,172,160,153,144,139,161,132,126,115,108,95,94,70,31,17,1949
2018-09-16,6,8,26,42,89,140,128,96,89,88,109,144,129,128,149,109,144,62,28,5,1719
2018-09-17,50,132,175,107,112,137,164,102,154,161,191,319,354,315,354,251,228,139,71,10,3526
2018-09-18,60,109,145,134,151,125,171,120,105,111,263,258,362,258,259,334,226,161,56,7,3415
2018-09-19,50,132,124,125,119,138,190,132,114,112,209,258,316,236,266,240,204,143,55,7,3170
2018-09-20,38,130,105,123,103,111,142,122,118,178,218,265,278,274,230,285,218,168,73,5,3184
2018-09-21,36,69,113,94,124,125,222,124,136,152,243,230,266,209,105,87,97,69,56,15,2572
2018-09-22,4,14,39,61,123,130,158,162,140,104,142,127,124,133,93,91,70,63,50,12,1840
2018-09-23,5,12,21,44,63,132,114,105,69,87,96,145,112,113,126,127,99,63,51,4,1588
2018-09-24,52,111,146,95,107,111,131,104,132,128,182,257,258,240,251,221,214,136,54,6,2936
2018-09-25,47,100,105,105,109,99,188,127,106,109,221,239,297,233,206,261,187,107,53,13,2912
2018-09-26,54,113,143,101,111,130,154,106,132,111,184,281,261,258,240,246,218,163,81,7,3094
2018-09-27,52,98,97,104,101,111,124,90,137,143,158,238,330,248,228,268,190,144,80,11,2952
2018-09-28,35,72,78,83,116,92,187,110,120,156,217,232,259,183,124,118,83,90,63,16,2434
2018-09-29,10,14,32,58,96,136,161,141,146,136,100,160,123,118,86,77,85,62,46,11,1798
2018-09-30,3,12,25,51,52,124,112,89,68,87,68,156,157,121,127,102,114,86,57,11,1622
2018-10-01,53,106,112,91,110,101,135,97,129,117,173,270,340,254,277,228,187,127,82,13,3002
2018-10-02,43,96,123,96,100,98,180,108,110,109,252,241,324,256,210,248,207,126,81,11,3019
2018-10-03,58,127,113,91,89,106,150,112,111,118,141,266,291,231,227,237,172,132,67,15,2854
2018-10-04,42,97,104,109,100,80,116,70,115,159,182,237,243,261,190,243,145,145,97,17,2752
2018-10-05,32,70,107,64,93,104,156,96,122,114,248,158,204,169,123,105,65,60,34,6,2130
2018-10-06,9,15,34,45,80,78,105,93,83,91,96,128,101,72,95,78,55,68,51,9,1386
2018-10-07,4,7,17,39,42,86,77,91,63,100,88,136,124,103,87,77,92,50,38,12,1333
2018-10-08,14,30,39,52,83,101,103,92,101,97,126,143,253,155,171,183,175,101,45,10,2074
2018-10-09,38,90,119,91,116,74,168,93,123,116,244,229,317,232,194,249,234,133,84,16,2960
2018-10-10,55,98,112,101,117,101,154,108,115,105,150,246,292,243,215,241,188,211,86,14,2952
2018-10-11,41,80,95,96,79,81,114,97,131,159,158,204,241,240,218,237,188,145,70,30,2704
2018-10-12,38,63,75,69,101,89,147,105,126,144,247,200,295,207,119,108,103,100,55,22,2413
2018-10-13,5,11,32,39,88,90,160,98,108,86,135,137,109,104,95,81,68,63,70,7,1586
2018-10-14,7,7,27,34,62,78,86,93,65,101,99,138,146,167,177,144,89,59,51,21,1651
2018-10-15,46,75,115,71,83,93,140,84,129,121,123,271,311,258,246,257,190,140,64,21,2838
2018-10-16,41,96,97,92,105,88,198,109,123,104,244,247,281,230,222,239,199,134,70,13,2932
2018-10-17,48,104,109,78,103,116,165,96,92,117,145,260,263,205,240,234,146,148,83,10,2762
2018-10-18,41,91,80,110,84,114,119,88,112,145,166,249,237,251,181,212,161,96,80,19,2636
2018-10-19,30,59,77,65,105,119,193,111,119,116,237,204,256,174,129,95,78,66,41,10,2284
2018-10-20,7,10,23,53,66,109,119,109,86,73,106,137,123,123,85,93,78,67,82,10,1559
2018-10-21,9,5,27,37,70,110,85,108,78,118,92,135,155,177,128,136,80,77,44,7,1678
2018-10-22,45,96,106,79,77,107,119,90,133,110,169,253,323,260,204,233,182,149,68,8,2811
2018-10-23,45,97,89,95,128,78,185,116,108,110,238,218,289,202,189,231,158,133,58,15,2782
2018-10-24,35,105,93,85,73,104,170,90,96,127,141,239,285,211,218,183,175,182,77,16,2705
2018-10-25,38,84,84,89,82,86,105,93,118,141,159,203,253,210,197,196,185,139,92,13,2567
2018-10-26,30,60,67,78,138,102,155,122,105,119,201,156,217,161,117,80,60,76,53,33,2130
2018-10-27,7,8,20,37,74,70,96,125,83,77,91,105,71,51,59,50,55,57,27,2,1165
2018-10-28,3,7,20,37,56,91,57,79,83,134,92,143,182,156,126,157,97,74,63,12,1669
2018-10-29,35,96,77,57,78,89,105,78,114,132,135,243,304,274,250,215,181,196,85,15,2759
2018-10-30,43,92,101,107,109,105,141,141,99,95,264,243,326,259,189,243,199,134,46,14,2950
2018-10-31,68,100,103,70,82,83,134,110,92,100,144,237,271,209,179,152,166,156,70,15,2541
2018-11-01,30,89,78,96,106,92,138,92,127,145,195,248,241,235,165,196,145,127,78,15,2638
2018-11-02,30,65,56,76,125,86,177,119,123,120,239,247,288,189,135,96,107,88,57,11,2434
2018-11-03,12,11,21,43,106,116,156,149,93,113,166,201,138,149,77,86,77,80,48,13,1855
2018-11-04,9,16,37,66,92,139,102,127,140,115,138,139,141,138,114,107,90,75,39,7,1831
2018-11-05,45,102,109,102,100,102,149,103,127,148,148,287,351,247,213,230,187,120,86,15,2971
2018-11-06,37,101,115,96,115,108,175,110,107,112,274,241,270,227,182,255,180,136,81,24,2946
2018-11-07,45,99,99,90,101,140,165,105,94,112,170,278,313,210,192,192,179,119,69,15,2787
2018-11-08,40,97,81,102,95,84,113,104,157,156,158,232,259,223,152,215,172,116,95,18,2669
2018-11-09,33,65,64,72,112,112,181,137,126,138,238,208,245,158,104,88,59,46,37,10,2233
2018-11-10,8,13,39,56,68,117,131,116,105,136,169,152,143,126,95,96,76,68,42,3,1759
2018-11-11,6,8,25,52,60,88,109,115,103,106,142,165,131,110,109,83,90,75,63,12,1652
2018-11-12,28,40,35,65,88,105,122,107,112,97,164,227,293,264,189,173,131,105,72,18,2435
2018-11-13,36,84,87,81,94,85,180,94,119,113,266,244,312,263,175,246,188,139,63,19,2888
2018-11-14,66,117,96,66,84,123,170,126,96,100,145,260,254,228,206,194,128,127,74,11,2671
2018-11-15,38,71,75,82,93,89,133,102,130,140,159,202,280,225,164,187,162,115,66,9,2522
2018-11-16,30,69,54,44,103,77,166,127,116,110,215,223,257,180,132,104,97,85,45,12,2246
2018-11-17,6,15,23,50,101,109,137,151,135,155,159,154,153,103,112,88,77,63,52,12,1855
2018-11-18,4,8,22,48,61,93,101,113,99,96,100,157,152,132,132,124,93,91,69,5,1700
2018-11-19,41,73,82,61,70,80,138,88,112,105,140,235,296,225,181,122,155,113,86,23,2426
2018-11-20,32,86,68,79,57,85,122,98,89,91,133,142,188,148,104,99,77,44,33,9,1784
2018-11-21,23,35,35,36,43,61,44,53,59,90,107,131,47,,,,,,,,764
2018-11-22,,,,,,,,,,,,,,,,,,,,,0
2018-11-23,,,,38,33,37,30,47,38,56,72,109,33,,,,,,,,493
2018-11-24,,,,42,36,50,58,56,54,67,95,159,60,,,,,,,,677
2018-11-25,,,,,,124,76,82,72,107,82,120,129,112,99,104,78,80,34,9,1308
2018-11-26,66,80,105,68,80,103,150,78,127,104,189,258,365,177,232,188,174,137,57,14,2752
2018-11-27,68,104,87,85,121,98,199,100,119,130,234,248,361,195,194,261,189,125,58,17,2993
2018-11-28,45,94,95,80,91,100,167,102,117,116,161,261,271,247,247,185,176,120,61,28,2764
2018-11-29,53,79,75,88,100,98,126,112,152,137,155,220,228,236,192,216,168,153,90,23,2701
2018-11-30,39,62,60,94,120,105,195,126,121,110,193,202,278,174,109,109,119,75,82,9,2382
2018-12-01,4,12,31,42,84,136,136,127,127,124,151,185,136,148,96,88,66,56,66,9,1824
2018-12-02,3,11,27,42,60,79,114,105,87,104,94,162,165,175,119,110,78,76,50,20,1681
2018-12-03,48,94,88,72,78,104,126,100,125,112,174,223,338,253,224,188,174,139,99,14,2773
2018-12-04,47,90,81,101,103,14,166,113,112,140,222,230,298,180,170,186,133,136,88,20,2630
2018-12-05,55,87,67,83,87,100,148,119,86,131,150,225,251,210,162,150,139,149,77,40,2516
2018-12-06,33,62,79,101,96,112,123,116,117,140,169,210,254,203,159,167,117,124,83,17,2482
2018-12-07,32,45,71,87,92,117,135,139,106,153,170,201,212,153,101,76,84,93,50,22,2139
2018-12-08,9,12,32,42,100,114,114,114,92,101,127,127,109,127,84,90,63,92,47,10,1606
2018-12-09,4,8,27,34,68,77,83,115,86,83,108,136,150,110,95,68,88,76,50,12,1478
2018-12-10,44,50,70,73,80,117,138,103,104,130,112,190,277,152,162,138,103,82,54,9,2188
2018-12-11,49,67,70,81,72,94,131,107,101,113,117,197,252,167,146,154,106,87,48,11,2170
2018-12-12,35,65,59,74,81,80,87,94,84,83,122,171,208,164,128,103,75,61,37,10,1821
2018-12-13,34,48,57,62,64,88,102,89,100,76,130,145,194,144,113,96,72,57,35,13,1719
2018-12-14,33,47,43,38,68,95,84,84,70,90,109,121,169,112,81,39,,,,,1283
2018-12-15,,,,48,50,88,75,67,74,78,112,98,39,,,,,,,,729
2018-12-16,,,,,,79,61,74,74,86,70,82,99,52,53,27,,,,,757
2018-12-17,,,,,,,,,,,,,,,,,,,,,0
2018-12-18,,,,,,,,,,,,,,,,,,,,,0
2018-12-19,,,,,,,,,,,,,,,,,,,,,0
2018-12-20,,,,,,,,,,,,,,,,,,,,,0
2018-12-21,,,,,,,,,,,,,,,,,,,,,0
2018-12-22,,,,,,,,,,,,,,,,,,,,,0
2018-12-23,,,,,,,,,,,,,,,,,,,,,0
2018-12-24,,,,,,,,,,,,,,,,,,,,,0
2018-12-25,,,,,,,,,,,,,,,,,,,,,0
2018-12-26,,,,,,,,,,,,,,,,,,,,,0
2018-12-27,,,,,,,,,,,,,,,,,,,,,0
2018-12-28,,,,,,,,,,,,,,,,,,,,,0
2018-12-29,,,,,,,,,,,,,,,,,,,,,0
2018-12-30,,,,,,,,,,,,,,,,,,,,,0
2018-12-31,,,,,,,,,,,,,,,,,,,,,0
2019-01-01,,,,,,,,,,,,,,,,,,,,,0
2019-01-02,24,20,26,16,44,45,53,57,56,81,88,89,118,77,64,49,10,,,,917
2019-01-03,20,35,37,23,45,36,45,61,72,58,78,120,124,98,100,165,11,,,,1128
2019-01-04,29,28,33,44,43,54,65,72,57,96,121,161,135,95,90,86,24,,,,1233
2019-01-05,,,,53,60,76,97,94,113,130,124,119,54,,,,,,,,920
2019-01-06,,,,,,,,300,139,149,164,198,147,126,117,112,73,56,13,0,1594
2019-01-07,66,116,178,170,124,174,191,150,161,211,251,394,391,355,294,206,163,90,33,1,3719
2019-01-08,54,109,141,162,208,206,320,173,211,219,391,314,377,296,192,241,198,101,34,4,3951
2019-01-09,66,121,170,163,136,187,244,162,149,205,282,340,371,320,284,259,177,116,59,6,3817
2019-01-10,61,100,146,139,136,156,192,122,179,263,279,313,327,264,243,260,192,103,57,6,3538
2019-01-11,44,76,96,111,180,154,238,197,192,161,289,233,340,214,120,92,91,60,29,5,2922
2019-01-12,10,15,36,63,154,196,211,199,143,256,114,214,190,111,114,85,93,58,33,8,2303
2019-01-13,5,10,23,75,119,115,148,147,104,139,184,230,175,157,135,163,127,91,29,1,2177
2019-01-14,71,144,175,138,133,148,215,124,178,172,249,377,395,405,282,282,243,152,53,9,3945
2019-01-15,59,127,160,158,153,190,246,171,186,212,329,296,364,307,307,267,245,153,46,13,3989
2019-01-16,67,120,163,148,124,156,318,170,154,204,240,342,315,325,264,277,162,152,65,9,3775
2019-01-17,61,123,137,146,112,145,176,124,180,216,280,299,293,299,239,221,194,140,64,8,3457
2019-01-18,43,82,124,107,166,137,221,170,184,180,271,286,359,230,148,106,97,56,55,16,3038
2019-01-19,4,11,26,68,133,178,164,195,202,169,179,184,127,90,98,78,63,61,30,6,2066
2019-01-20,4,9,9,39,56,79,119,123,115,132,184,140,135,107,71,63,48,65,32,0,1530
2019-01-21,11,21,35,61,123,106,133,123,113,132,166,195,213,207,194,124,132,83,31,1,2204
2019-01-22,46,94,143,125,125,134,240,153,162,175,299,293,385,277,274,306,214,126,70,11,3652
2019-01-23,89,167,144,136,128,172,230,120,147,171,209,351,336,299,279,268,219,154,66,15,3700
2019-01-24,51,117,124,147,120,125,187,113,137,213,206,297,307,268,266,252,218,150,84,17,3399
2019-01-25,50,80,140,126,161,174,237,171,170,168,298,246,340,225,155,123,128,104,55,9,3160
2019-01-26,6,18,38,66,167,173,182,197,155,168,193,235,178,136,100,101,65,55,62,10,2305
2019-01-27,5,7,38,48,121,127,109,132,113,150,157,226,180,162,139,113,165,110,51,7,2160
2019-01-28,75,141,158,136,124,128,199,105,161,176,225,340,366,355,287,258,239,145,94,8,3720
2019-01-29,65,126,158,144,176,155,256,137,178,160,297,293,398,285,247,286,285,141,63,13,3863
2019-01-30,65,150,131,105,105,148,209,121,136,180,150,279,351,298,277,209,180,109,46,7,3256
2019-01-31,75,100,119,119,102,143,138,114,131,189,207,297,291,277,234,213,172,133,72,7,3133
2019-02-01,43,76,121,94,155,118,235,149,163,147,250,243,310,251,147,106,97,101,51,16,2873
2019-02-02,8,17,37,75,151,215,163,161,154,199,184,174,151,123,113,79,90,92,66,9,2261
2019-02-03,4,3,20,63,118,133,143,149,111,146,160,129,117,95,41,45,54,43,27,8,1609
2019-02-04,37,75,115,105,95,105,146,122,141,161,217,290,332,280,262,229,170,144,59,14,3099
2019-02-05,61,124,137,152,119,111,163,121,129,130,232,240,347,270,222,254,218,127,67,16,3240
2019-02-06,64,137,133,121,115,143,193,117,143,145,199,276,317,305,282,239,170,124,70,18,3311
2019-02-07,57,109,125,107,104,126,180,98,150,231,212,281,306,299,226,232,185,135,74,22,3259
2019-02-08,51,74,127,94,122,160,227,137,166,136,278,244,316,228,148,144,101,101,63,10,2927
2019-02-09,8,11,46,68,166,183,180,180,165,205,154,191,181,133,116,95,95,63,48,9,2297
2019-02-10,7,9,29,54,82,145,108,151,103,136,146,184,177,176,130,144,128,108,49,12,2078
2019-02-11,73,131,125,117,106,105,196,115,168,183,196,307,324,279,223,260,167,142,92,9,3318
2019-02-12,48,96,128,112,132,148,195,145,146,165,264,182,205,164,158,143,87,79,46,15,2658
2019-02-13,52,126,119,85,95,112,200,134,140,149,197,292,332,294,245,239,180,142,78,14,3225
2019-02-14,77,96,117,118,90,120,211,106,137,178,214,283,274,242,195,202,151,122,61,20,3014
2019-02-15,55,95,91,81,99,102,177,136,141,108,191,228,302,234,125,117,105,89,62,13,2551
2019-02-16,3,9,34,56,111,141,134,139,135,138,143,151,143,119,102,78,87,75,56,8,1862
2019-02-17,7,12,19,53,78,140,139,129,90,111,160,140,148,137,119,121,73,53,84,5,1818
2019-02-18,13,24,45,75,101,125,135,112,95,126,145,189,215,251,193,209,187,112,63,11,2426
2019-02-19,60,129,120,114,123,102,207,140,131,127,269,263,326,268,288,282,222,110,82,18,3381
2019-02-20,56,111,136,106,89,113,215,110,124,183,187,300,323,304,258,271,182,123,66,5,3262
2019-02-21,78,101,120,104,104,91,141,100,162,216,214,299,283,275,248,224,195,162,79,13,3209
2019-02-22,64,63,99,109,129,128,209,147,140,155,267,213,295,273,155,117,113,113,92,16,2897
2019-02-23,10,11,36,60,147,157,196,170,127,157,155,218,169,131,115,121,75,50,51,11,2167
2019-02-24,2,19,26,63,75,129,95,164,104,157,156,203,179,189,144,118,101,83,44,7,2058
2019-02-25,78,130,112,117,92,109,147,112,151,150,202,293,338,290,271,222,169,144,77,15,3219
2019-02-26,87,185,225,163,109,131,220,122,176,129,242,242,306,244,228,242,190,185,56,22,3504
2019-02-27,38,111,112,86,83,101,179,111,112,151,144,231,269,271,241,200,167,135,45,12,2799
2019-02-28,38,85,85,68,86,96,138,100,125,174,174,254,236,282,214,227,133,127,67,24,2733
2019-03-01,34,69,73,70,115,113,161,117,121,94,142,176,184,157,122,93,29,,,,1870
2019-03-02,,,,46,53,86,82,76,100,65,92,119,56,,,,,,,,775
2019-03-03,,,,,,,,159,76,85,93,131,98,109,70,94,29,,,,944
2019-03-04,13,23,28,31,33,47,53,51,64,84,74,107,211,201,154,129,42,,,,1345
2019-03-05,24,60,48,48,44,50,80,55,53,59,73,123,220,225,188,151,29,,,,1530
2019-03-06,35,51,36,40,39,49,84,55,63,49,77,128,186,208,153,136,28,,,,1417
2019-03-07,27,48,51,33,37,70,75,46,51,67,68,109,170,177,131,125,33,,,,1318
2019-03-08,23,34,38,26,55,47,62,70,59,57,82,130,146,144,107,76,23,,,,1179
2019-03-09,,,,55,67,71,75,71,84,87,95,138,51,,,,,,,,794
2019-03-10,,,,,,,,143,95,92,113,116,142,105,92,98,61,58,35,3,1153
2019-03-11,64,91,99,89,79,93,162,89,129,120,192,258,289,264,226,254,175,162,68,12,2915
2019-03-12,59,99,129,97,107,110,190,123,112,138,225,209,257,211,227,244,171,102,55,15,2880
2019-03-13,53,97,113,92,76,87,165,93,132,194,157,227,272,279,224,213,145,152,94,13,2878
2019-03-14,46,94,111,81,94,80,157,89,159,190,169,254,271,257,195,173,170,136,69,23,2818
2019-03-15,43,58,105,86,104,133,195,127,142,146,209,242,256,177,144,124,100,94,75,17,2577
2019-03-16,6,11,27,57,127,147,173,137,125,120,127,157,140,120,104,97,69,84,49,11,1888
2019-03-17,3,7,22,48,87,105,99,111,90,64,116,150,116,133,109,115,102,64,36,21,1598
2019-03-18,54,114,95,81,112,125,167,111,133,173,174,269,317,303,289,216,202,201,76,23,3235
2019-03-19,67,91,112,111,135,136,198,135,138,157,288,252,335,260,232,235,249,134,67,20,3352
2019-03-20,62,103,106,95,105,138,213,108,121,167,150,299,281,262,230,223,201,181,65,9,3119
2019-03-21,59,73,111,81,113,144,159,126,146,188,141,218,216,253,218,205,167,149,79,12,2858
2019-03-22,42,49,106,78,107,132,176,121,128,129,223,197,283,200,158,128,97,78,45,18,2495
2019-03-23,12,11,25,66,128,178,165,185,153,185,149,165,136,142,113,91,88,73,38,7,2110
2019-03-24,4,10,17,61,100,124,101,112,93,108,156,203,119,120,148,184,89,69,49,7,1874
2019-03-25,55,119,115,104,98,116,142,115,151,167,204,272,315,317,219,244,241,159,79,19,3251
2019-03-26,65,91,130,108,148,143,208,123,156,146,245,251,303,195,247,268,204,173,77,14,3295
2019-03-27,49,103,137,81,100,111,206,117,126,174,199,280,300,280,238,208,192,84,57,9,3051
2019-03-28,52,74,107,90,93,115,155,104,155,186,180,251,258,256,226,212,173,172,91,22,2972
2019-03-29,50,60,101,72,117,134,188,117,123,106,234,220,258,173,161,102,113,81,47,18,2475
2019-03-30,7,13,38,58,120,144,138,131,116,126,127,148,94,94,97,79,60,84,52,22,1748
2019-03-31,3,8,34,58,77,122,127,131,110,85,121,173,115,144,131,137,110,77,43,14,1820
2019-04-01,64,115,119,97,88,104,194,120,132,137,209,273,315,309,262,257,204,132,104,18,3253
2019-04-02,63,98,120,105,154,108,229,139,139,155,251,253,290,230,256,211,219,138,89,19,3266
2019-04-03,78,99,103,83,76,110,171,116,111,179,187,293,286,252,218,227,186,140,64,16,2995
2019-04-04,50,97,96,97,87,117,149,110,135,190,171,240,266,256,209,220,154,120,79,26,2869
2019-04-05,56,72,96,87,128,114,218,109,130,132,230,199,281,168,130,120,80,81,61,8,2500
2019-04-06,10,10,30,54,101,117,124,110,119,135,158,140,116,85,74,85,75,79,50,12,1684
2019-04-07,3,9,23,64,102,105,135,147,85,95,144,142,135,130,107,114,127,96,39,11,1813
2019-04-08,56,109,107,77,71,94,162,96,121,134,182,257,305,256,221,224,219,146,83,19,2939
2019-04-09,53,100,111,104,116,128,197,155,131,161,237,211,300,226,218,268,200,149,67,17,3149
2019-04-10,51,87,104,97,89,118,194,114,112,168,176,220,283,258,245,213,169,133,68,9,2908
2019-04-11,43,82,99,88,98,94,161,105,139,190,190,232,250,227,232,193,175,124,80,20,2822
2019-04-12,49,52,97,74,133,115,169,127,129,144,221,225,232,140,142,171,71,106,65,16,2478
2019-04-13,5,18,27,49,110,141,164,108,144,139,118,108,101,86,97,103,74,87,48,15,1742
2019-04-14,7,11,19,52,77,104,91,108,80,108,144,172,131,119,100,102,85,87,42,12,1651
2019-04-15,18,43,34,56,96,84,127,90,129,128,121,157,251,211,180,151,144,148,68,14,2250
2019-04-16,61,80,101,95,127,119,202,122,130,126,188,204,310,232,213,214,197,122,64,22,2929
2019-04-17,46,70,97,81,79,121,191,103,143,140,142,195,255,217,213,176,128,119,72,21,2609
2019-04-18,39,69,75,86,129,92,145,150,143,136,186,197,236,217,160,153,141,107,71,22,2554
2019-04-19,41,53,70,90,128,141,132,136,117,133,176,163,267,189,114,96,84,65,49,14,2258
2019-04-20,10,11,25,60,99,104,141,109,104,111,135,168,121,99,80,77,68,81,46,13,1662
2019-04-21,9,13,17,40,67,100,83,101,75,76,120,150,122,120,92,94,83,72,41,18,1493
2019-04-22,42,74,62,98,90,97,141,129,110,95,128,179,240,181,143,164,100,98,37,14,2222
2019-04-23,50,67,85,73,91,125,144,138,138,116,171,211,245,240,234,188,114,94,37,21,2582
2019-04-24,46,59,70,90,90,122,107,115,115,130,118,164,242,252,153,194,104,81,39,12,2303
2019-04-25,29,59,69,64,105,117,113,115,98,99,130,188,204,174,169,150,93,67,26,10,2079
2019-04-26,40,37,45,51,87,76,120,89,97,116,111,167,173,141,85,58,25,,,,1518
2019-04-27,,,,50,70,100,102,117,100,114,146,112,57,,,,,,,,968
2019-04-28,,,,,,140,93,91,94,105,149,184,60,,,,,,,,916
2019-04-29,28,64,56,45,66,88,101,105,113,101,109,145,214,195,148,116,44,,,,1738
2019-04-30,47,55,43,47,59,72,82,93,82,117,121,142,245,176,147,129,39,,,,1696
2019-05-01,23,55,49,52,56,70,61,64,75,77,79,120,214,172,153,134,35,,,,1489
2019-05-02,33,53,42,49,42,61,82,78,81,92,86,118,187,158,126,120,36,,,,1444
2019-05-03,,,,,,,,,119,78,95,124,160,140,106,92,29,,,,943
2019-05-04,,,,45,60,101,72,81,103,105,120,163,59,,,,,,,,909
2019-05-05,,,,,,,,164,91,104,147,108,102,85,65,58,43,27,9,,1003
2019-05-06,36,41,46,30,60,53,109,97,92,96,151,153,226,227,144,113,97,33,18,,1822
2019-05-07,39,53,49,35,53,65,120,76,83,73,126,135,209,170,141,107,65,39,9,,1647
2019-05-08,39,60,26,,,,,,,,,170,204,180,132,117,60,46,18,,1052
2019-05-09,28,44,21,,,,,,,,,184,208,234,124,106,62,58,12,,1081
2019-05-10,18,44,13,,,,,,,,,199,204,147,116,97,56,51,15,,960
2019-05-11,,,,,,,,,,,,,,,,,,,,,0
2019-05-12,,,,,,,,166,83,88,80,101,123,89,68,56,60,31,7,,952
2019-05-13,32,58,60,38,38,71,79,70,82,87,153,165,251,216,152,107,74,38,9,,1780
2019-05-14,43,67,43,46,49,67,127,93,88,76,148,171,228,196,154,148,85,53,14,,1896
2019-05-15,34,72,49,44,52,68,83,69,71,60,106,160,227,185,162,123,85,55,8,,1713
2019-05-16,39,55,52,44,46,76,114,69,75,85,158,155,199,214,156,134,96,64,19,,1850
2019-05-17,31,46,37,36,63,57,69,78,63,79,107,148,204,165,110,88,66,54,6,,1507
2019-05-18,,,,61,70,104,113,87,89,69,77,112,60,,,,,,,,842
2019-05-19,,,,,,,,148,103,91,87,128,117,94,93,57,50,39,18,,1025
2019-05-20,35,48,56,29,49,56,112,83,85,77,123,173,269,230,217,160,93,78,8,,1981
2019-05-21,46,77,66,59,60,73,139,72,84,77,162,159,233,230,199,191,111,74,11,,2123
2019-05-22,40,68,45,49,47,75,122,80,68,91,114,162,231,211,197,147,100,59,9,,1915
2019-05-23,21,71,58,45,58,116,100,71,77,102,148,222,47,142,318,250,178,132,62,,2218
2019-05-24,40,38,42,46,45,81,91,89,68,103,116,102,,,,,,,,,861
2019-05-25,,,,,,,,,,,,,,,,,,,,,0
2019-05-26,,,,,,,,,,,,,,,,,,,,,0
2019-05-27,,,,,,,,,,,,,,,,,,,,,0
2019-05-28,42,64,50,52,65,80,131,72,73,87,162,179,238,226,175,175,103,52,9,,2035
2019-05-29,44,83,47,53,56,87,106,72,82,88,130,197,251,215,181,164,110,69,18,,2053
2019-05-30,47,63,51,45,53,80,113,79,67,81,117,160,257,229,154,140,103,75,4,,1918
2019-05-31,28,44,42,52,41,79,82,87,77,90,106,117,233,182,123,87,55,50,19,,1594
2019-06-01,,,,62,65,98,111,105,83,84,111,125,64,,,,,,,,908
2019-06-02,,,,,,,,198,117,117,114,132,149,104,87,72,47,44,9,,1190
2019-06-03,50,60,66,41,60,71,113,81,68,77,137,186,283,281,229,150,113,72,18,,2156
2019-06-04,44,80,64,80,53,79,114,75,86,96,132,186,299,257,215,167,117,74,13,,2231
2019-06-05,44,87,48,47,57,71,121,80,67,67,133,176,216,230,218,168,109,80,13,,2032
2019-06-06,46,65,56,59,65,80,119,62,76,73,144,193,219,224,168,153,107,68,15,,1992
2019-06-07,36,48,53,38,49,62,99,65,62,81,112,130,204,158,125,101,75,45,11,,1554
2019-06-08,,,,76,73,104,94,86,67,79,101,120,55,,,,,,,,855
2019-06-09,,,,,,,,175,73,77,99,121,109,106,80,97,59,34,8,,1038
2019-06-10,52,64,46,50,63,71,108,73,83,75,126,172,297,255,252,161,95,64,18,,2125
2019-06-11,53,75,54,46,63,57,112,64,84,81,153,198,298,256,208,169,145,80,16,,2212